{"joint_accuracy": 0.45243349982576375, "act_rec": 0.9457544430247415, "act_prec": 0.9457544430247415, "act_f1": 0.9457544430247415, "act_f1_stderr": 0.002441152593999013, "slot_rec": 0.8044642857142857, "slot_prec": 0.831351240516711, "slot_f1": 0.8176868004436826, "slot_f1_stderr": 0.003874505961435059, "request_slot_rec": 0.8862261516984644, "request_slot_prec": 0.9167268351383875, "request_slot_f1": 0.9012185023068733, "request_slot_f1_stderr": 0.004575659471006942, "object_rec": 0.3780250347705146, "object_prec": 0.38389830508474576, "object_f1": 0.3809390329362299, "object_f1_stderr": 0.005749052016273585}